{
    "overall": {
        "label_wise_loss_variance": 1.4127645704632663,
        "label_wise_mean_loss": 5.017664664689917,
        "label_wise_std": 1.1376275300197307,
        "label_consistency_cv": 0.23081497263862655,
        "num_labels_evaluated": 430
    },
    "difficulty_wise": {
        "Easy": {
            "num_samples": 7780,
            "mean_loss": 3.5725173092440037,
            "std_loss": 0.9374564672814106,
            "consistency_cv": 0.21468911136133392
        },
        "Medium": {
            "num_samples": 7808,
            "mean_loss": 5.210406922903217,
            "std_loss": 0.34561624969264665,
            "consistency_cv": 0.05362159773483342
        },
        "Hard": {
            "num_samples": 8032,
            "mean_loss": 6.214093236809233,
            "std_loss": 0.36992118347993674,
            "consistency_cv": 0.051392491149998075
        }
    },
    "difficulty_separation": {
        "easy_mean": 3.5725173092440037,
        "medium_mean": 5.210406922903217,
        "hard_mean": 6.214093236809233
    }
}